[
    {
        "name": "theme_info",
        "theme_name": "SPoNGe",
        "theme_version": "1.0.0",
        "theme_author": "SPoNGe",
        "theme_documentation_url": "https://spunge.store",
        "theme_support_url": "https://spunge.store"
    },
    {
        "name": "Colors",
        "settings": [
            {
                "type": "color",
                "id": "color_primary",
                "label": "Primary Color",
                "default": "#FFFFFF"
            },
            {
                "type": "color",
                "id": "color_secondary",
                "label": "Secondary Color",
                "default": "#4A90D9"
            },
            {
                "type": "color",
                "id": "color_accent",
                "label": "Accent Color",
                "default": "#F5D547"
            },
            {
                "type": "color",
                "id": "color_background",
                "label": "Background Color",
                "default": "#000000"
            }
        ]
    },
    {
        "name": "Typography",
        "settings": [
            {
                "type": "font_picker",
                "id": "font_heading",
                "label": "Heading Font",
                "default": "libre_baskerville_n4"
            },
            {
                "type": "font_picker",
                "id": "font_body",
                "label": "Body Font",
                "default": "libre_baskerville_n4"
            }
        ]
    },
    {
        "name": "Social Media",
        "settings": [
            {
                "type": "text",
                "id": "social_instagram",
                "label": "Instagram URL"
            },
            {
                "type": "text",
                "id": "social_twitter",
                "label": "Twitter/X URL"
            },
            {
                "type": "text",
                "id": "social_tiktok",
                "label": "TikTok URL"
            }
        ]
    }
]

